date,store,category,product,price,was,discount_pct,url
2026-06-29,Rock + Run,🛡️ Slings & Cords,Fido Pro Remi Runner Leash - Size 1 Size - Red (Outlet) — 1 Size,£16.80,£56.00,70,https://rockrun.com/products/outlet-feb26-fido-pro-fido-pro-remi-runner-leash-size-1-size-red
2026-06-29,Rock + Run,🛡️ Slings & Cords,Fido Pro Remi Runner Leash - Size 1 Size - Black (Outlet) — 1 Size,£16.80,£56.00,70,https://rockrun.com/products/outlet-feb26-fido-pro-fido-pro-remi-runner-leash-size-1-size-black
2026-06-29,Rock + Run,🔒 Harnesses,Fido Pro Panza Harness - Size 1 Size - Red (Outlet) — 1 Size,£37.50,£125.00,70,https://rockrun.com/products/outlet-feb26-fido-pro-fido-pro-panza-harness-size-1-size-red
2026-06-29,Rock + Run,🔒 Harnesses,Fido Pro Panza Harness - Size 1 Size - Black (Outlet) — 1 Size,£37.50,£125.00,70,https://rockrun.com/products/outlet-feb26-fido-pro-fido-pro-panza-harness-size-1-size-black
2026-06-29,Rock + Run,🛡️ Slings & Cords,Metolius Single loop gear sling - Size 1 Size (Outlet) — 1 Size,£9.95,£30.00,67,https://rockrun.com/products/outlet-feb26-metolius-single-loop-gear-sling-size-1-size
2026-06-29,Dick's Climbing,👟 Climbing Shoes,"Scarpa Vapor V, Women — 1½ / 34",£46.00,£115.00,60,https://www.dicksclimbing.com/products/scarpa-vapor-v-women-old
2026-06-29,Rock + Run,🔒 Harnesses,Rock Empire Canicross Harness - Size 1 Size - Red (Outlet) — 1 Size,£17.60,£44.00,60,https://rockrun.com/products/outlet-feb26-rock-empire-canicross-harness-size-1-size-red
2026-06-29,Rock + Run,🔒 Harnesses,Rock Empire Canicross Harness - Size 1 Size - Blue (Outlet) — 1 Size,£17.60,£44.00,60,https://rockrun.com/products/outlet-feb26-rock-empire-canicross-harness-size-1-size-blue
2026-06-29,Dick's Climbing,🔗 Carabiners,Rock Empire - HMS Smart S — Aqua,£10.00,£20.00,50,https://www.dicksclimbing.com/products/rock-empire-hms-smart-s
2026-06-29,Dick's Climbing,🔗 Carabiners,Rock Empire - HMS Smart S — Lime,£10.00,£20.00,50,https://www.dicksclimbing.com/products/rock-empire-hms-smart-s
2026-06-29,Dick's Climbing,🔗 Carabiners,Rock Empire - HMS Smart S — Grey,£10.00,£20.00,50,https://www.dicksclimbing.com/products/rock-empire-hms-smart-s
2026-06-29,Tiso,⬇️ Descenders,Men's SingleTrack Jacket II - Black — Black / S,£99.00,£170.00,42,https://www.tiso.com/products/endura-singletrack-jacket-ii-mens-black
2026-06-29,Tiso,⬇️ Descenders,Men's SingleTrack Jacket II - Black — Black / M,£99.00,£170.00,42,https://www.tiso.com/products/endura-singletrack-jacket-ii-mens-black
2026-06-29,Tiso,⬇️ Descenders,Men's SingleTrack Jacket II - Black — Black / L,£99.00,£170.00,42,https://www.tiso.com/products/endura-singletrack-jacket-ii-mens-black
2026-06-29,Tiso,⬇️ Descenders,Men's SingleTrack Jacket II - Black — Black / XL,£99.00,£170.00,42,https://www.tiso.com/products/endura-singletrack-jacket-ii-mens-black
2026-06-29,Tiso,⬇️ Descenders,Men's SingleTrack Jacket II - Black — Black / XXL,£99.00,£170.00,42,https://www.tiso.com/products/endura-singletrack-jacket-ii-mens-black
2026-06-29,Tiso,⬇️ Descenders,Men's SingleTrack II Gloves - Black — Black / S,£24.00,£40.00,40,https://www.tiso.com/products/endura-singletrack-ii-gloves-mens-black
2026-06-29,Tiso,⬇️ Descenders,Men's SingleTrack II Gloves - Black — Black / M,£24.00,£40.00,40,https://www.tiso.com/products/endura-singletrack-ii-gloves-mens-black
2026-06-29,Tiso,⬇️ Descenders,Men's SingleTrack II Gloves - Black — Black / L,£24.00,£40.00,40,https://www.tiso.com/products/endura-singletrack-ii-gloves-mens-black
2026-06-29,Tiso,⬇️ Descenders,Men's SingleTrack II Gloves - Black — Black / XL,£24.00,£40.00,40,https://www.tiso.com/products/endura-singletrack-ii-gloves-mens-black
2026-06-29,Tiso,⬇️ Descenders,Men's SingleTrack II Gloves - Black — Black / XXL,£24.00,£40.00,40,https://www.tiso.com/products/endura-singletrack-ii-gloves-mens-black
2026-06-29,Tiso,👟 Climbing Shoes,Jett LU Rock Climbing Shoes — Grey / UK5 / EU38,£63.00,£105.00,40,https://www.tiso.com/products/ocun-u-jett-lu-unisex-grey-fwrbt4ti0141
2026-06-29,Tiso,👟 Climbing Shoes,Jett LU Rock Climbing Shoes — Grey / UK6 / EU39,£63.00,£105.00,40,https://www.tiso.com/products/ocun-u-jett-lu-unisex-grey-fwrbt4ti0141
2026-06-29,Tiso,👟 Climbing Shoes,Jett LU Rock Climbing Shoes — Grey / UK7 / EU40,£63.00,£105.00,40,https://www.tiso.com/products/ocun-u-jett-lu-unisex-grey-fwrbt4ti0141
2026-06-29,Tiso,👟 Climbing Shoes,Jett LU Rock Climbing Shoes — Grey / UK8 / EU41,£63.00,£105.00,40,https://www.tiso.com/products/ocun-u-jett-lu-unisex-grey-fwrbt4ti0141
2026-06-29,Tiso,👟 Climbing Shoes,Jett LU Rock Climbing Shoes — Grey / UK9 / EU42,£63.00,£105.00,40,https://www.tiso.com/products/ocun-u-jett-lu-unisex-grey-fwrbt4ti0141
2026-06-29,Tiso,👟 Climbing Shoes,Jett LU Rock Climbing Shoes — Grey / UK10 / EU43,£63.00,£105.00,40,https://www.tiso.com/products/ocun-u-jett-lu-unisex-grey-fwrbt4ti0141
2026-06-29,Tiso,👟 Climbing Shoes,Jett LU Rock Climbing Shoes — Grey / UK11 / EU45,£63.00,£105.00,40,https://www.tiso.com/products/ocun-u-jett-lu-unisex-grey-fwrbt4ti0141
2026-06-29,Tiso,🪢 Ropes,Lithium 2 8.5mm Climbing Rope 60M - Blue — Blue / OS,£102.00,£170.00,40,https://www.tiso.com/products/edelweis-lithium-2-8-5-blue
2026-06-29,Tiso,🪢 Ropes,Lithium 2 8.5mm Climbing Rope 60M - Yellow — Yellow / OS,£102.00,£170.00,40,https://www.tiso.com/products/edelweis-lithium-2-8-5-yellow
2026-06-29,Tiso,🧗 Ascenders,Ascender 7 Trail Running Backpack - Black — Black / OS,£60.00,£100.00,40,https://www.tiso.com/products/deuter-ascender-7-unisex-black
2026-06-29,Tiso,⬇️ Descenders,Women's SingleTrack Waterproof Cycling Jacket II - Purple — Purple / XS,£102.00,£170.00,40,https://www.tiso.com/products/endura-w-singletrack-j-womens-purple
2026-06-29,Tiso,⬇️ Descenders,Women's SingleTrack Waterproof Cycling Jacket II - Purple — Purple / S,£102.00,£170.00,40,https://www.tiso.com/products/endura-w-singletrack-j-womens-purple
2026-06-29,Tiso,⬇️ Descenders,Women's SingleTrack Waterproof Cycling Jacket II - Purple — Purple / M,£102.00,£170.00,40,https://www.tiso.com/products/endura-w-singletrack-j-womens-purple
2026-06-29,Tiso,⬇️ Descenders,Women's SingleTrack Waterproof Cycling Jacket II - Purple — Purple / L,£102.00,£170.00,40,https://www.tiso.com/products/endura-w-singletrack-j-womens-purple
2026-06-29,Tiso,⬇️ Descenders,Women's SingleTrack Waterproof Cycling Jacket II - Purple — Purple / XL,£102.00,£170.00,40,https://www.tiso.com/products/endura-w-singletrack-j-womens-purple
2026-06-29,Dick's Climbing,🪢 Ropes,"Edelweiss - 8.5mm Touring, Walking Confidence Rope — 20m",£31.20,£52.00,40,https://www.dicksclimbing.com/products/edelweiss-8-5mm-touring-walking-confidence-rope
2026-06-29,Dick's Climbing,🪢 Ropes,"Edelweiss - 8.5mm Touring, Walking Confidence Rope — 30m",£46.80,£78.00,40,https://www.dicksclimbing.com/products/edelweiss-8-5mm-touring-walking-confidence-rope
2026-06-29,Tiso,🪢 Ropes,Pitchlight 9.5mm Climbing Rope - 70m — Orange / OS,£133.00,£190.00,30,https://www.tiso.com/products/edelweis-pitchlight-9-5-unisex-orange-eamgt5ti0145
2026-06-29,Tiso,🪢 Ropes,Pitchlight 9.5mm Climbing Rope - 80m — Orange / OS,£161.00,£230.00,30,https://www.tiso.com/products/edelweis-pitchlight-9-5-unisex-orange
2026-06-29,Dick's Climbing,👟 Climbing Shoes,"5.10 - Anasazi LV, Women — 3½",£84.00,£119.95,30,https://www.dicksclimbing.com/products/5-10-anasazi-lv-women
2026-06-29,Dick's Climbing,👟 Climbing Shoes,"5.10 - Anasazi LV, Women — 4",£84.00,£119.95,30,https://www.dicksclimbing.com/products/5-10-anasazi-lv-women
2026-06-29,Tiso,👟 Climbing Shoes,Genius ST 920 Trail Bike - Green — Green / S,£2049.00,£2595.00,21,https://www.tiso.com/products/scott-genius-st-920-unisex-green
2026-06-29,Tiso,👟 Climbing Shoes,Genius ST 920 Trail Bike - Green — Green / M,£2049.00,£2595.00,21,https://www.tiso.com/products/scott-genius-st-920-unisex-green
2026-06-29,Tiso,👟 Climbing Shoes,Genius ST 920 Trail Bike - Green — Green / L,£2049.00,£2595.00,21,https://www.tiso.com/products/scott-genius-st-920-unisex-green
2026-06-29,Tiso,👟 Climbing Shoes,Genius ST 920 Trail Bike - Green — Green / XL,£2049.00,£2595.00,21,https://www.tiso.com/products/scott-genius-st-920-unisex-green
2026-06-29,Tiso,🔒 Harnesses,Hike a Bike Carry Harness - Black — Black / OS,£56.00,£70.00,20,https://www.tiso.com/products/restrap-hike-a-bike-har-black
2026-06-29,Tiso,⬇️ Descenders,Kids' SingleTrack Elbow Pads - Black — Black / 3-4,£40.00,£50.00,20,https://www.tiso.com/products/endura-singletrack-elbow-pads-kids-black
2026-06-29,Tiso,⬇️ Descenders,Kids' SingleTrack Elbow Pads - Black — Black / 5,£40.00,£50.00,20,https://www.tiso.com/products/endura-singletrack-elbow-pads-kids-black
2026-06-29,Tiso,⬇️ Descenders,Kids' SingleTrack Elbow Pads - Black — Black / 5-6,£40.00,£50.00,20,https://www.tiso.com/products/endura-singletrack-elbow-pads-kids-black
2026-06-29,Tiso,⬇️ Descenders,Kids' SingleTrack Elbow Pads - Black — Black / 6-7,£40.00,£50.00,20,https://www.tiso.com/products/endura-singletrack-elbow-pads-kids-black
2026-06-29,Tiso,⬇️ Descenders,Kids' SingleTrack Elbow Pads - Black — Black / 6-8,£40.00,£50.00,20,https://www.tiso.com/products/endura-singletrack-elbow-pads-kids-black
2026-06-29,Tiso,⬇️ Descenders,Kids' SingleTrack Elbow Pads - Black — Black / 7-8,£40.00,£50.00,20,https://www.tiso.com/products/endura-singletrack-elbow-pads-kids-black
2026-06-29,Tiso,⬇️ Descenders,Kids' SingleTrack Elbow Pads - Black — Black / 8-9,£40.00,£50.00,20,https://www.tiso.com/products/endura-singletrack-elbow-pads-kids-black
2026-06-29,Tiso,⬇️ Descenders,Kids' SingleTrack Elbow Pads - Black — Black / 9-10,£40.00,£50.00,20,https://www.tiso.com/products/endura-singletrack-elbow-pads-kids-black
2026-06-29,Tiso,⬇️ Descenders,Kids' SingleTrack Elbow Pads - Black — Black / 10,£40.00,£50.00,20,https://www.tiso.com/products/endura-singletrack-elbow-pads-kids-black
2026-06-29,Tiso,⬇️ Descenders,Kids' SingleTrack Elbow Pads - Black — Black / 11-12,£40.00,£50.00,20,https://www.tiso.com/products/endura-singletrack-elbow-pads-kids-black
2026-06-29,Tiso,⬇️ Descenders,Kids' SingleTrack Elbow Pads - Black — Black / 13,£40.00,£50.00,20,https://www.tiso.com/products/endura-singletrack-elbow-pads-kids-black
2026-06-29,Dick's Climbing,🔒 Harnesses,"Black Diamond - Momentum Harness, Men — XL / Kingfisher",£46.00,£57.50,20,https://www.dicksclimbing.com/products/black-diamond-momentum-harness-men
2026-06-29,Dick's Climbing,🔒 Harnesses,"Black Diamond - Momentum Harness, Women — L / Wild Rose",£46.00,£57.50,20,https://www.dicksclimbing.com/products/black-diamond-momentum-harness-women
2026-06-29,Dick's Climbing,🔒 Harnesses,Wild Country - Session Harness — XL,£64.01,£80.00,20,https://www.dicksclimbing.com/products/wild-country-session-harness
2026-06-29,Tiso,⬇️ Descenders,EasyFold 3 2-Bike Towbar Rack - Black — Black / OS,£788.50,£830.00,5,https://www.tiso.com/products/thule-944-easyfold-3-unisex-black
2026-06-29,Go Outdoors,👟 Climbing Shoes,Men's Defy Climbing Shoe — Black / 6,£95.00,—,0,https://www.gooutdoors.co.uk/products/evolv-mens-defy-climbing-shoe-black-382670
2026-06-29,Go Outdoors,👟 Climbing Shoes,Men's Defy Climbing Shoe — Black / 7,£95.00,—,0,https://www.gooutdoors.co.uk/products/evolv-mens-defy-climbing-shoe-black-382670
2026-06-29,Go Outdoors,👟 Climbing Shoes,Men's Defy Climbing Shoe — Black / 7.5,£95.00,—,0,https://www.gooutdoors.co.uk/products/evolv-mens-defy-climbing-shoe-black-382670
2026-06-29,Go Outdoors,👟 Climbing Shoes,Men's Defy Climbing Shoe — Black / 8,£95.00,—,0,https://www.gooutdoors.co.uk/products/evolv-mens-defy-climbing-shoe-black-382670
2026-06-29,Go Outdoors,👟 Climbing Shoes,Men's Defy Climbing Shoe — Black / 8.5,£95.00,—,0,https://www.gooutdoors.co.uk/products/evolv-mens-defy-climbing-shoe-black-382670
2026-06-29,Go Outdoors,👟 Climbing Shoes,Men's Defy Climbing Shoe — Black / 9,£95.00,—,0,https://www.gooutdoors.co.uk/products/evolv-mens-defy-climbing-shoe-black-382670
2026-06-29,Go Outdoors,👟 Climbing Shoes,Men's Defy Climbing Shoe — Black / 9.5,£95.00,—,0,https://www.gooutdoors.co.uk/products/evolv-mens-defy-climbing-shoe-black-382670
2026-06-29,Go Outdoors,👟 Climbing Shoes,Men's Defy Climbing Shoe — Black / 10,£95.00,—,0,https://www.gooutdoors.co.uk/products/evolv-mens-defy-climbing-shoe-black-382670
2026-06-29,Go Outdoors,👟 Climbing Shoes,Men's Defy Climbing Shoe — Black / 10.5,£95.00,—,0,https://www.gooutdoors.co.uk/products/evolv-mens-defy-climbing-shoe-black-382670
2026-06-29,Go Outdoors,👟 Climbing Shoes,Men's Defy Climbing Shoe — Black / 11,£95.00,—,0,https://www.gooutdoors.co.uk/products/evolv-mens-defy-climbing-shoe-black-382670
2026-06-29,Go Outdoors,👟 Climbing Shoes,Women’s Silex Climbing Shoes — White / 3,£100.00,—,0,https://www.gooutdoors.co.uk/products/boreal-womens-silex-climbing-shoes-white-563713
2026-06-29,Go Outdoors,👟 Climbing Shoes,Women’s Silex Climbing Shoes — White / 4,£100.00,—,0,https://www.gooutdoors.co.uk/products/boreal-womens-silex-climbing-shoes-white-563713
2026-06-29,Go Outdoors,👟 Climbing Shoes,Women’s Silex Climbing Shoes — White / 5,£100.00,—,0,https://www.gooutdoors.co.uk/products/boreal-womens-silex-climbing-shoes-white-563713
2026-06-29,Go Outdoors,👟 Climbing Shoes,Women’s Silex Climbing Shoes — White / 5.5,£100.00,—,0,https://www.gooutdoors.co.uk/products/boreal-womens-silex-climbing-shoes-white-563713
2026-06-29,Go Outdoors,👟 Climbing Shoes,Women’s Silex Climbing Shoes — White / 6,£100.00,—,0,https://www.gooutdoors.co.uk/products/boreal-womens-silex-climbing-shoes-white-563713
2026-06-29,Go Outdoors,👟 Climbing Shoes,Women’s Silex Climbing Shoes — White / 6.5,£100.00,—,0,https://www.gooutdoors.co.uk/products/boreal-womens-silex-climbing-shoes-white-563713
2026-06-29,Go Outdoors,👟 Climbing Shoes,Women’s Silex Climbing Shoes — White / 7,£100.00,—,0,https://www.gooutdoors.co.uk/products/boreal-womens-silex-climbing-shoes-white-563713
2026-06-29,Go Outdoors,👟 Climbing Shoes,Women’s Silex Climbing Shoes — White / 7.5,£100.00,—,0,https://www.gooutdoors.co.uk/products/boreal-womens-silex-climbing-shoes-white-563713
2026-06-29,Go Outdoors,👟 Climbing Shoes,Prime Climbing Shoes — Black / 5.5 / EUR 39,£60.00,—,0,https://www.gooutdoors.co.uk/products/eb-prime-climbing-shoes-black-613458
2026-06-29,Go Outdoors,👟 Climbing Shoes,Prime Climbing Shoes — Black / 6.5 / EUR 40,£60.00,—,0,https://www.gooutdoors.co.uk/products/eb-prime-climbing-shoes-black-613458
2026-06-29,Go Outdoors,👟 Climbing Shoes,Prime Climbing Shoes — Black / 7 / EUR 41,£60.00,—,0,https://www.gooutdoors.co.uk/products/eb-prime-climbing-shoes-black-613458
2026-06-29,Go Outdoors,👟 Climbing Shoes,Prime Climbing Shoes — Black / 8 / EUR 42,£60.00,—,0,https://www.gooutdoors.co.uk/products/eb-prime-climbing-shoes-black-613458
2026-06-29,Go Outdoors,👟 Climbing Shoes,Prime Climbing Shoes — Black / 9 / EUR 43,£60.00,—,0,https://www.gooutdoors.co.uk/products/eb-prime-climbing-shoes-black-613458
2026-06-29,Go Outdoors,👟 Climbing Shoes,Prime Climbing Shoes — Black / 9.5 / EUR 44,£60.00,—,0,https://www.gooutdoors.co.uk/products/eb-prime-climbing-shoes-black-613458
2026-06-29,Go Outdoors,👟 Climbing Shoes,Prime Climbing Shoes — Black / 10.5 / EUR 45,£60.00,—,0,https://www.gooutdoors.co.uk/products/eb-prime-climbing-shoes-black-613458
2026-06-29,Go Outdoors,👟 Climbing Shoes,Prime Climbing Shoes — Black / 11 / EUR 46,£60.00,—,0,https://www.gooutdoors.co.uk/products/eb-prime-climbing-shoes-black-613458
2026-06-29,Go Outdoors,👟 Climbing Shoes,Prime Climbing Shoes — Black / 12 / EUR 47,£60.00,—,0,https://www.gooutdoors.co.uk/products/eb-prime-climbing-shoes-black-613458
2026-06-29,Go Outdoors,👟 Climbing Shoes,Men's Vapour V Climbing Shoes — Yellow / 7 / EUR 41,£155.00,—,0,https://www.gooutdoors.co.uk/products/scarpa-mens-vapour-v-climbing-shoes-yellow-330929
2026-06-29,Go Outdoors,👟 Climbing Shoes,Men's Vapour V Climbing Shoes — Yellow / 7.5 / EUR 41.5,£155.00,—,0,https://www.gooutdoors.co.uk/products/scarpa-mens-vapour-v-climbing-shoes-yellow-330929
2026-06-29,Go Outdoors,👟 Climbing Shoes,Men's Vapour V Climbing Shoes — Yellow / 8 / EUR 42,£155.00,—,0,https://www.gooutdoors.co.uk/products/scarpa-mens-vapour-v-climbing-shoes-yellow-330929
2026-06-29,Go Outdoors,👟 Climbing Shoes,Men's Vapour V Climbing Shoes — Yellow / 8.5 / EUR 42.5,£155.00,—,0,https://www.gooutdoors.co.uk/products/scarpa-mens-vapour-v-climbing-shoes-yellow-330929
2026-06-29,Go Outdoors,👟 Climbing Shoes,Men's Vapour V Climbing Shoes — Yellow / 9-9.5 / EUR 43.5,£155.00,—,0,https://www.gooutdoors.co.uk/products/scarpa-mens-vapour-v-climbing-shoes-yellow-330929
2026-06-29,Go Outdoors,👟 Climbing Shoes,Men's Vapour V Climbing Shoes — Yellow / 9.5 / EUR 44,£155.00,—,0,https://www.gooutdoors.co.uk/products/scarpa-mens-vapour-v-climbing-shoes-yellow-330929
2026-06-29,Go Outdoors,👟 Climbing Shoes,Men's Vapour V Climbing Shoes — Yellow / 11 / EUR 46,£155.00,—,0,https://www.gooutdoors.co.uk/products/scarpa-mens-vapour-v-climbing-shoes-yellow-330929
2026-06-29,Go Outdoors,👟 Climbing Shoes,Men's Vapour V Climbing Shoes — Yellow / 40,£155.00,—,0,https://www.gooutdoors.co.uk/products/scarpa-mens-vapour-v-climbing-shoes-yellow-330929
2026-06-29,Go Outdoors,👟 Climbing Shoes,Men's Vapour V Climbing Shoes — Yellow / 43,£155.00,—,0,https://www.gooutdoors.co.uk/products/scarpa-mens-vapour-v-climbing-shoes-yellow-330929
2026-06-29,Go Outdoors,👟 Climbing Shoes,Men's Vapour V Climbing Shoes — Yellow / 45,£155.00,—,0,https://www.gooutdoors.co.uk/products/scarpa-mens-vapour-v-climbing-shoes-yellow-330929
2026-06-29,Go Outdoors,👟 Climbing Shoes,Elektra Climbing Shoes — Red / 4,£95.00,—,0,https://www.gooutdoors.co.uk/products/evolv-elektra-climbing-shoes-red-365132
2026-06-29,Go Outdoors,👟 Climbing Shoes,Elektra Climbing Shoes — Red / 4.5,£95.00,—,0,https://www.gooutdoors.co.uk/products/evolv-elektra-climbing-shoes-red-365132
2026-06-29,Go Outdoors,👟 Climbing Shoes,Elektra Climbing Shoes — Red / 5,£95.00,—,0,https://www.gooutdoors.co.uk/products/evolv-elektra-climbing-shoes-red-365132
2026-06-29,Go Outdoors,👟 Climbing Shoes,Elektra Climbing Shoes — Red / 5.5,£95.00,—,0,https://www.gooutdoors.co.uk/products/evolv-elektra-climbing-shoes-red-365132
2026-06-29,Go Outdoors,👟 Climbing Shoes,Elektra Climbing Shoes — Red / 6,£95.00,—,0,https://www.gooutdoors.co.uk/products/evolv-elektra-climbing-shoes-red-365132
2026-06-29,Go Outdoors,👟 Climbing Shoes,Elektra Climbing Shoes — Red / 6.5,£95.00,—,0,https://www.gooutdoors.co.uk/products/evolv-elektra-climbing-shoes-red-365132
2026-06-29,Go Outdoors,👟 Climbing Shoes,Elektra Climbing Shoes — Red / 7,£95.00,—,0,https://www.gooutdoors.co.uk/products/evolv-elektra-climbing-shoes-red-365132
2026-06-29,Go Outdoors,👟 Climbing Shoes,Elektra Climbing Shoes — Red / 8,£95.00,—,0,https://www.gooutdoors.co.uk/products/evolv-elektra-climbing-shoes-red-365132
2026-06-29,Go Outdoors,🔒 Harnesses,Women’s Twist Tech Harness — Red / XS-M,£79.95,—,0,https://www.gooutdoors.co.uk/products/ocun-womens-twist-tech-harness-red-706042
2026-06-29,Go Outdoors,🔒 Harnesses,Women’s Twist Tech Harness — Red / M-L,£79.95,—,0,https://www.gooutdoors.co.uk/products/ocun-womens-twist-tech-harness-red-706042
2026-06-29,Go Outdoors,🔒 Harnesses,Women’s Twist Tech Harness — Red / L-XL,£79.95,—,0,https://www.gooutdoors.co.uk/products/ocun-womens-twist-tech-harness-red-706042
2026-06-29,Go Outdoors,🔒 Harnesses,Men’s Twist Tech Harness — Blue / S,£79.95,—,0,https://www.gooutdoors.co.uk/products/ocun-mens-twist-tech-harness-blue-706041
2026-06-29,Go Outdoors,🔒 Harnesses,Men’s Twist Tech Harness — Blue / M,£79.95,—,0,https://www.gooutdoors.co.uk/products/ocun-mens-twist-tech-harness-blue-706041
2026-06-29,Go Outdoors,🔒 Harnesses,Men’s Twist Tech Harness — Blue / L,£79.95,—,0,https://www.gooutdoors.co.uk/products/ocun-mens-twist-tech-harness-blue-706041
2026-06-29,Go Outdoors,👟 Climbing Shoes,Women's Electron Climbing Shoe — Grey / 3.5 / EUR 36,£90.00,—,0,https://www.gooutdoors.co.uk/products/eb-womens-electron-climbing-shoe-grey-680223
2026-06-29,Go Outdoors,👟 Climbing Shoes,Women's Electron Climbing Shoe — Grey / 4 / EUR 37,£90.00,—,0,https://www.gooutdoors.co.uk/products/eb-womens-electron-climbing-shoe-grey-680223
2026-06-29,Go Outdoors,👟 Climbing Shoes,Women's Electron Climbing Shoe — Grey / 5 / EUR 38,£90.00,—,0,https://www.gooutdoors.co.uk/products/eb-womens-electron-climbing-shoe-grey-680223
2026-06-29,Go Outdoors,👟 Climbing Shoes,Women's Electron Climbing Shoe — Grey / 5.5 / EUR 39,£90.00,—,0,https://www.gooutdoors.co.uk/products/eb-womens-electron-climbing-shoe-grey-680223
2026-06-29,Go Outdoors,👟 Climbing Shoes,Women's Electron Climbing Shoe — Grey / 6.5 / EUR 40,£90.00,—,0,https://www.gooutdoors.co.uk/products/eb-womens-electron-climbing-shoe-grey-680223
2026-06-29,Go Outdoors,👟 Climbing Shoes,Women's Electron Climbing Shoe — Grey / 7 / EUR 41,£90.00,—,0,https://www.gooutdoors.co.uk/products/eb-womens-electron-climbing-shoe-grey-680223
2026-06-29,Go Outdoors,⬇️ Descenders,Pro Lite Belay Rappel Device — Silver / One Size,£22.00,—,0,https://www.gooutdoors.co.uk/products/wild-country-pro-lite-belay-rappel-device-silver-712410
2026-06-29,Go Outdoors,👟 Climbing Shoes,Women’s Vapour S Climbing Shoes — Grey / 4 / EUR 37,£145.00,—,0,https://www.gooutdoors.co.uk/products/scarpa-womens-vapour-s-climbing-shoes-grey-624154
2026-06-29,Go Outdoors,👟 Climbing Shoes,Women’s Vapour S Climbing Shoes — Grey / 5 / EUR 38,£145.00,—,0,https://www.gooutdoors.co.uk/products/scarpa-womens-vapour-s-climbing-shoes-grey-624154
2026-06-29,Go Outdoors,👟 Climbing Shoes,Women’s Vapour S Climbing Shoes — Grey / 5.5 / EUR 39,£145.00,—,0,https://www.gooutdoors.co.uk/products/scarpa-womens-vapour-s-climbing-shoes-grey-624154
2026-06-29,Go Outdoors,👟 Climbing Shoes,Women’s Vapour S Climbing Shoes — Grey / 6.5 / EUR 40,£145.00,—,0,https://www.gooutdoors.co.uk/products/scarpa-womens-vapour-s-climbing-shoes-grey-624154
2026-06-29,Go Outdoors,👟 Climbing Shoes,Women’s Vapour S Climbing Shoes — Grey / 7 / EUR 41,£145.00,—,0,https://www.gooutdoors.co.uk/products/scarpa-womens-vapour-s-climbing-shoes-grey-624154
2026-06-29,Go Outdoors,👟 Climbing Shoes,Women’s Vapour S Climbing Shoes — Grey / 8 / EUR 42,£145.00,—,0,https://www.gooutdoors.co.uk/products/scarpa-womens-vapour-s-climbing-shoes-grey-624154
2026-06-29,Go Outdoors,🔒 Harnesses,Men's Ascent Harness Pack — Black / XS-S,£115.00,—,0,https://www.gooutdoors.co.uk/products/climbing-technology-mens-ascent-harness-pack-black-675599
2026-06-29,Go Outdoors,🔒 Harnesses,Men's Ascent Harness Pack — Black / M-L,£115.00,—,0,https://www.gooutdoors.co.uk/products/climbing-technology-mens-ascent-harness-pack-black-675599
2026-06-29,Go Outdoors,🔒 Harnesses,Men's Ascent Harness Pack — Black / L-XL,£115.00,—,0,https://www.gooutdoors.co.uk/products/climbing-technology-mens-ascent-harness-pack-black-675599
2026-06-29,Go Outdoors,👟 Climbing Shoes,Women's Veloce Climbing Shoes — Grey / 3.5 / EUR 36,£140.00,—,0,https://www.gooutdoors.co.uk/products/scarpa-womens-veloce-climbing-shoes-grey-365205
2026-06-29,Go Outdoors,👟 Climbing Shoes,Women's Veloce Climbing Shoes — Grey / 4 / EUR 37,£140.00,—,0,https://www.gooutdoors.co.uk/products/scarpa-womens-veloce-climbing-shoes-grey-365205
2026-06-29,Go Outdoors,👟 Climbing Shoes,Women's Veloce Climbing Shoes — Grey / 5 / EUR 38,£140.00,—,0,https://www.gooutdoors.co.uk/products/scarpa-womens-veloce-climbing-shoes-grey-365205
2026-06-29,Go Outdoors,👟 Climbing Shoes,Women's Veloce Climbing Shoes — Grey / 5.5 / EUR 39,£140.00,—,0,https://www.gooutdoors.co.uk/products/scarpa-womens-veloce-climbing-shoes-grey-365205
2026-06-29,Go Outdoors,👟 Climbing Shoes,Women's Veloce Climbing Shoes — Grey / 6.5 / EUR 40,£140.00,—,0,https://www.gooutdoors.co.uk/products/scarpa-womens-veloce-climbing-shoes-grey-365205
2026-06-29,Go Outdoors,👟 Climbing Shoes,Women's Veloce Climbing Shoes — Grey / 7 / EUR 41,£140.00,—,0,https://www.gooutdoors.co.uk/products/scarpa-womens-veloce-climbing-shoes-grey-365205
2026-06-29,Go Outdoors,👟 Climbing Shoes,Women's Veloce Climbing Shoes — Grey / 8 / EUR 42,£140.00,—,0,https://www.gooutdoors.co.uk/products/scarpa-womens-veloce-climbing-shoes-grey-365205
2026-06-29,Go Outdoors,👟 Climbing Shoes,Men’s Method S Climbing Shoes — Black / 7 / EUR 41,£140.00,—,0,https://www.gooutdoors.co.uk/products/black-diamond-mens-method-s-climbing-shoes-black-673880
2026-06-29,Go Outdoors,👟 Climbing Shoes,Men’s Method S Climbing Shoes — Black / 8 / EUR 42,£140.00,—,0,https://www.gooutdoors.co.uk/products/black-diamond-mens-method-s-climbing-shoes-black-673880
2026-06-29,Go Outdoors,👟 Climbing Shoes,Men’s Method S Climbing Shoes — Black / 8.5 / EUR 42.5,£140.00,—,0,https://www.gooutdoors.co.uk/products/black-diamond-mens-method-s-climbing-shoes-black-673880
2026-06-29,Go Outdoors,👟 Climbing Shoes,Men’s Method S Climbing Shoes — Black / 9 / EUR 43,£140.00,—,0,https://www.gooutdoors.co.uk/products/black-diamond-mens-method-s-climbing-shoes-black-673880
2026-06-29,Go Outdoors,👟 Climbing Shoes,Men’s Method S Climbing Shoes — Black / 9.5 / EUR 44,£140.00,—,0,https://www.gooutdoors.co.uk/products/black-diamond-mens-method-s-climbing-shoes-black-673880
2026-06-29,Go Outdoors,👟 Climbing Shoes,Men’s Method S Climbing Shoes — Black / 10 / EUR 44.5,£140.00,—,0,https://www.gooutdoors.co.uk/products/black-diamond-mens-method-s-climbing-shoes-black-673880
2026-06-29,Go Outdoors,👟 Climbing Shoes,Men’s Method S Climbing Shoes — Black / 10.5 / EUR 45,£140.00,—,0,https://www.gooutdoors.co.uk/products/black-diamond-mens-method-s-climbing-shoes-black-673880
2026-06-29,Go Outdoors,👟 Climbing Shoes,Men’s Method S Climbing Shoes — Black / 11 / EUR 46,£140.00,—,0,https://www.gooutdoors.co.uk/products/black-diamond-mens-method-s-climbing-shoes-black-673880
2026-06-29,Go Outdoors,👟 Climbing Shoes,Men’s Method S Climbing Shoes — Black / 12 / EUR 47,£140.00,—,0,https://www.gooutdoors.co.uk/products/black-diamond-mens-method-s-climbing-shoes-black-673880
2026-06-29,Go Outdoors,👟 Climbing Shoes,Kids’ Ninja Jr. Climbing Shoes — Red / 28,£50.00,—,0,https://www.gooutdoors.co.uk/products/boreal-kids-ninja-jr-climbing-shoes-red-563709
2026-06-29,Go Outdoors,👟 Climbing Shoes,Kids’ Ninja Jr. Climbing Shoes — Red / 30,£50.00,—,0,https://www.gooutdoors.co.uk/products/boreal-kids-ninja-jr-climbing-shoes-red-563709
2026-06-29,Go Outdoors,👟 Climbing Shoes,Kids’ Ninja Jr. Climbing Shoes — Red / 32,£50.00,—,0,https://www.gooutdoors.co.uk/products/boreal-kids-ninja-jr-climbing-shoes-red-563709
2026-06-29,Go Outdoors,👟 Climbing Shoes,Kids’ Ninja Jr. Climbing Shoes — Red / 34,£50.00,—,0,https://www.gooutdoors.co.uk/products/boreal-kids-ninja-jr-climbing-shoes-red-563709
2026-06-29,Go Outdoors,🪢 Ropes,Eagle Lite Dry 9.5mm Climbing Rope 70M Long — Green / One Size,£255.00,—,0,https://www.gooutdoors.co.uk/products/edelrid-eagle-lite-dry-9-5mm-climbing-rope-70m-long-bright-green-674071
2026-06-29,Go Outdoors,🔒 Harnesses,Prisma Climbing Harness — Blue / S,£70.00,—,0,https://www.gooutdoors.co.uk/products/edelrid-prisma-climbing-harness-blue-707106
2026-06-29,Go Outdoors,🔒 Harnesses,Prisma Climbing Harness — Blue / M,£70.00,—,0,https://www.gooutdoors.co.uk/products/edelrid-prisma-climbing-harness-blue-707106
2026-06-29,Go Outdoors,🔒 Harnesses,Prisma Climbing Harness — Blue / L,£70.00,—,0,https://www.gooutdoors.co.uk/products/edelrid-prisma-climbing-harness-blue-707106
2026-06-29,Go Outdoors,🔒 Harnesses,Movement Harness — Blue / S-M,£70.00,—,0,https://www.gooutdoors.co.uk/products/wild-country-movement-harness-blue-572458
2026-06-29,Go Outdoors,🔒 Harnesses,Movement Harness — Blue / L-XL,£70.00,—,0,https://www.gooutdoors.co.uk/products/wild-country-movement-harness-blue-572458
2026-06-29,Go Outdoors,🔗 Carabiners,Pure Bent III Carabiner — Blue / One Size,£9.00,—,0,https://www.gooutdoors.co.uk/products/edelrid-pure-bent-iii-carabiner-blue-674075
2026-06-29,Go Outdoors,🔗 Carabiners,Concept HMS Carabiner — Blue / One Size,£19.00,—,0,https://www.gooutdoors.co.uk/products/climbing-technology-concept-hms-carabiner-blue-675620
2026-06-29,Go Outdoors,🔒 Harnesses,Men’s Jay Sit Harness — Red / S,£60.00,—,0,https://www.gooutdoors.co.uk/products/edelrid-mens-jay-sit-harness-hokkaido-764975
2026-06-29,Go Outdoors,🔒 Harnesses,Men’s Jay Sit Harness — Red / M,£60.00,—,0,https://www.gooutdoors.co.uk/products/edelrid-mens-jay-sit-harness-hokkaido-764975
2026-06-29,Go Outdoors,🔒 Harnesses,Men’s Jay Sit Harness — Red / L,£60.00,—,0,https://www.gooutdoors.co.uk/products/edelrid-mens-jay-sit-harness-hokkaido-764975
2026-06-29,Go Outdoors,👟 Climbing Shoes,Women’s Force Climbing Shoe — Blue / 4 / EUR 37,£140.00,—,0,https://www.gooutdoors.co.uk/products/scarpa-womens-force-climbing-shoe-blue-706026
2026-06-29,Go Outdoors,👟 Climbing Shoes,Women’s Force Climbing Shoe — Blue / 5 / EUR 38,£140.00,—,0,https://www.gooutdoors.co.uk/products/scarpa-womens-force-climbing-shoe-blue-706026
2026-06-29,Go Outdoors,👟 Climbing Shoes,Women’s Force Climbing Shoe — Blue / 5.5 / EUR 39,£140.00,—,0,https://www.gooutdoors.co.uk/products/scarpa-womens-force-climbing-shoe-blue-706026
2026-06-29,Go Outdoors,👟 Climbing Shoes,Women’s Force Climbing Shoe — Blue / 6.5 / EUR 40,£140.00,—,0,https://www.gooutdoors.co.uk/products/scarpa-womens-force-climbing-shoe-blue-706026
2026-06-29,Go Outdoors,👟 Climbing Shoes,Women’s Force Climbing Shoe — Blue / 7 / EUR 41,£140.00,—,0,https://www.gooutdoors.co.uk/products/scarpa-womens-force-climbing-shoe-blue-706026
2026-06-29,Go Outdoors,👟 Climbing Shoes,Women’s Force Climbing Shoe — Blue / 8 / EUR 42,£140.00,—,0,https://www.gooutdoors.co.uk/products/scarpa-womens-force-climbing-shoe-blue-706026
2026-06-29,Go Outdoors,👟 Climbing Shoes,Men’s Finale Climbing Shoes — Blue / 6 / EUR 39,£135.00,—,0,https://www.gooutdoors.co.uk/products/la-sportiva-mens-finale-climbing-shoes-blue-563820
2026-06-29,Go Outdoors,👟 Climbing Shoes,Men’s Finale Climbing Shoes — Blue / 6.5 / EUR 40,£135.00,—,0,https://www.gooutdoors.co.uk/products/la-sportiva-mens-finale-climbing-shoes-blue-563820
2026-06-29,Go Outdoors,👟 Climbing Shoes,Men’s Finale Climbing Shoes — Blue / 7.5 / EUR 41,£135.00,—,0,https://www.gooutdoors.co.uk/products/la-sportiva-mens-finale-climbing-shoes-blue-563820
2026-06-29,Go Outdoors,👟 Climbing Shoes,Men’s Finale Climbing Shoes — Blue / 8 / EUR 42,£135.00,—,0,https://www.gooutdoors.co.uk/products/la-sportiva-mens-finale-climbing-shoes-blue-563820
2026-06-29,Go Outdoors,👟 Climbing Shoes,Men’s Finale Climbing Shoes — Blue / 9 / EUR 43,£135.00,—,0,https://www.gooutdoors.co.uk/products/la-sportiva-mens-finale-climbing-shoes-blue-563820
2026-06-29,Go Outdoors,👟 Climbing Shoes,Men’s Finale Climbing Shoes — Blue / 9.5-10 / EUR 44,£135.00,—,0,https://www.gooutdoors.co.uk/products/la-sportiva-mens-finale-climbing-shoes-blue-563820
2026-06-29,Go Outdoors,👟 Climbing Shoes,Men’s Finale Climbing Shoes — Blue / 10.5 / EUR 45,£135.00,—,0,https://www.gooutdoors.co.uk/products/la-sportiva-mens-finale-climbing-shoes-blue-563820
2026-06-29,Go Outdoors,👟 Climbing Shoes,Men’s Finale Climbing Shoes — Blue / 11.5 / EUR 46,£135.00,—,0,https://www.gooutdoors.co.uk/products/la-sportiva-mens-finale-climbing-shoes-blue-563820
2026-06-29,Go Outdoors,👟 Climbing Shoes,Men’s Finale Climbing Shoes — Blue / 12 / EUR 47,£135.00,—,0,https://www.gooutdoors.co.uk/products/la-sportiva-mens-finale-climbing-shoes-blue-563820
2026-06-29,Go Outdoors,🔗 Carabiners,Lime Straight Gate Carabiner — Silver / One Size,£10.00,—,0,https://www.gooutdoors.co.uk/products/climbing-technology-lime-straight-gate-carabiner-silver-675618
2026-06-29,Go Outdoors,👟 Climbing Shoes,Women’s Kira Climbing Shoes — Blue / 3,£100.00,—,0,https://www.gooutdoors.co.uk/products/evolv-womens-kira-climbing-shoes-blue-273611
2026-06-29,Go Outdoors,👟 Climbing Shoes,Women’s Kira Climbing Shoes — Blue / 3.5,£100.00,—,0,https://www.gooutdoors.co.uk/products/evolv-womens-kira-climbing-shoes-blue-273611
2026-06-29,Go Outdoors,👟 Climbing Shoes,Women’s Kira Climbing Shoes — Blue / 4,£100.00,—,0,https://www.gooutdoors.co.uk/products/evolv-womens-kira-climbing-shoes-blue-273611
2026-06-29,Go Outdoors,👟 Climbing Shoes,Women’s Kira Climbing Shoes — Blue / 4.5,£100.00,—,0,https://www.gooutdoors.co.uk/products/evolv-womens-kira-climbing-shoes-blue-273611
2026-06-29,Go Outdoors,👟 Climbing Shoes,Women’s Kira Climbing Shoes — Blue / 5,£100.00,—,0,https://www.gooutdoors.co.uk/products/evolv-womens-kira-climbing-shoes-blue-273611
2026-06-29,Go Outdoors,👟 Climbing Shoes,Women’s Kira Climbing Shoes — Blue / 5.5,£100.00,—,0,https://www.gooutdoors.co.uk/products/evolv-womens-kira-climbing-shoes-blue-273611
2026-06-29,Go Outdoors,👟 Climbing Shoes,Women’s Kira Climbing Shoes — Blue / 6,£100.00,—,0,https://www.gooutdoors.co.uk/products/evolv-womens-kira-climbing-shoes-blue-273611
2026-06-29,Go Outdoors,👟 Climbing Shoes,Women’s Kira Climbing Shoes — Blue / 6.5,£100.00,—,0,https://www.gooutdoors.co.uk/products/evolv-womens-kira-climbing-shoes-blue-273611
2026-06-29,Go Outdoors,👟 Climbing Shoes,Women’s Kira Climbing Shoes — Blue / 7,£100.00,—,0,https://www.gooutdoors.co.uk/products/evolv-womens-kira-climbing-shoes-blue-273611
2026-06-29,Go Outdoors,🔒 Harnesses,Jay Sit Harness — Yellow / S,£60.00,—,0,https://www.gooutdoors.co.uk/products/edelrid-jay-sit-harness-wasabi-681727
2026-06-29,Go Outdoors,🔒 Harnesses,Jay Sit Harness — Yellow / M,£60.00,—,0,https://www.gooutdoors.co.uk/products/edelrid-jay-sit-harness-wasabi-681727
2026-06-29,Go Outdoors,🔒 Harnesses,Jay Sit Harness — Yellow / L,£60.00,—,0,https://www.gooutdoors.co.uk/products/edelrid-jay-sit-harness-wasabi-681727
2026-06-29,Go Outdoors,👟 Climbing Shoes,Flash Rock Shoe — Blue / 4,£80.00,—,0,https://www.gooutdoors.co.uk/products/climb-x-flash-rock-shoe-blue-328921
2026-06-29,Go Outdoors,👟 Climbing Shoes,Flash Rock Shoe — Blue / 5,£80.00,—,0,https://www.gooutdoors.co.uk/products/climb-x-flash-rock-shoe-blue-328921
2026-06-29,Go Outdoors,👟 Climbing Shoes,Flash Rock Shoe — Blue / 5.5,£80.00,—,0,https://www.gooutdoors.co.uk/products/climb-x-flash-rock-shoe-blue-328921
2026-06-29,Go Outdoors,👟 Climbing Shoes,Flash Rock Shoe — Blue / 6,£80.00,—,0,https://www.gooutdoors.co.uk/products/climb-x-flash-rock-shoe-blue-328921
2026-06-29,Go Outdoors,👟 Climbing Shoes,Flash Rock Shoe — Blue / 6.5,£80.00,—,0,https://www.gooutdoors.co.uk/products/climb-x-flash-rock-shoe-blue-328921
2026-06-29,Go Outdoors,👟 Climbing Shoes,Flash Rock Shoe — Blue / 7,£80.00,—,0,https://www.gooutdoors.co.uk/products/climb-x-flash-rock-shoe-blue-328921
2026-06-29,Go Outdoors,👟 Climbing Shoes,Flash Rock Shoe — Blue / 7.5,£80.00,—,0,https://www.gooutdoors.co.uk/products/climb-x-flash-rock-shoe-blue-328921
2026-06-29,Go Outdoors,👟 Climbing Shoes,Flash Rock Shoe — Blue / 8,£80.00,—,0,https://www.gooutdoors.co.uk/products/climb-x-flash-rock-shoe-blue-328921
2026-06-29,Go Outdoors,👟 Climbing Shoes,Flash Rock Shoe — Blue / 8.5,£80.00,—,0,https://www.gooutdoors.co.uk/products/climb-x-flash-rock-shoe-blue-328921
2026-06-29,Go Outdoors,👟 Climbing Shoes,Flash Rock Shoe — Blue / 9,£80.00,—,0,https://www.gooutdoors.co.uk/products/climb-x-flash-rock-shoe-blue-328921
2026-06-29,Go Outdoors,👟 Climbing Shoes,Flash Rock Shoe — Blue / 9.5,£80.00,—,0,https://www.gooutdoors.co.uk/products/climb-x-flash-rock-shoe-blue-328921
2026-06-29,Go Outdoors,👟 Climbing Shoes,Flash Rock Shoe — Blue / 10,£80.00,—,0,https://www.gooutdoors.co.uk/products/climb-x-flash-rock-shoe-blue-328921
2026-06-29,Go Outdoors,👟 Climbing Shoes,Flash Rock Shoe — Blue / 10.5,£80.00,—,0,https://www.gooutdoors.co.uk/products/climb-x-flash-rock-shoe-blue-328921
2026-06-29,Go Outdoors,👟 Climbing Shoes,Flash Rock Shoe — Blue / 11,£80.00,—,0,https://www.gooutdoors.co.uk/products/climb-x-flash-rock-shoe-blue-328921
2026-06-29,Go Outdoors,👟 Climbing Shoes,Flash Rock Shoe — Blue / 12,£80.00,—,0,https://www.gooutdoors.co.uk/products/climb-x-flash-rock-shoe-blue-328921
2026-06-29,Go Outdoors,👟 Climbing Shoes,Flash Rock Shoe — Blue / 13,£80.00,—,0,https://www.gooutdoors.co.uk/products/climb-x-flash-rock-shoe-blue-328921
2026-06-29,Go Outdoors,🔗 Carabiners,Snappy HMS Carabiner — Blue / One Size,£14.50,—,0,https://www.gooutdoors.co.uk/products/climbing-technology-snappy-hms-carabiner-blue-675622
2026-06-29,Go Outdoors,👟 Climbing Shoes,Kids' Neo Climbing Shoes — Blue / 1 / EUR 33,£50.00,—,0,https://www.gooutdoors.co.uk/products/eb-kids-neo-climbing-shoes-blue-328908
2026-06-29,Go Outdoors,👟 Climbing Shoes,Kids' Neo Climbing Shoes — Blue / 2 / EUR 34,£50.00,—,0,https://www.gooutdoors.co.uk/products/eb-kids-neo-climbing-shoes-blue-328908
2026-06-29,Go Outdoors,👟 Climbing Shoes,Kids' Neo Climbing Shoes — Blue / 3 / EUR 35,£50.00,—,0,https://www.gooutdoors.co.uk/products/eb-kids-neo-climbing-shoes-blue-328908
2026-06-29,Go Outdoors,👟 Climbing Shoes,Kids' Neo Climbing Shoes — Blue / 11 / EUR 29,£50.00,—,0,https://www.gooutdoors.co.uk/products/eb-kids-neo-climbing-shoes-blue-328908
2026-06-29,Go Outdoors,👟 Climbing Shoes,Kids' Neo Climbing Shoes — Blue / 10 / EUR 28,£50.00,—,0,https://www.gooutdoors.co.uk/products/eb-kids-neo-climbing-shoes-blue-328908
2026-06-29,Go Outdoors,👟 Climbing Shoes,Kids' Neo Climbing Shoes — Blue / 11.5 / EUR 30,£50.00,—,0,https://www.gooutdoors.co.uk/products/eb-kids-neo-climbing-shoes-blue-328908
2026-06-29,Go Outdoors,👟 Climbing Shoes,Kids' Neo Climbing Shoes — Blue / 12.5 / EUR 31,£50.00,—,0,https://www.gooutdoors.co.uk/products/eb-kids-neo-climbing-shoes-blue-328908
2026-06-29,Go Outdoors,👟 Climbing Shoes,Kids' Neo Climbing Shoes — Blue / 13 / EUR 32,£50.00,—,0,https://www.gooutdoors.co.uk/products/eb-kids-neo-climbing-shoes-blue-328908
2026-06-29,Go Outdoors,🔒 Harnesses,Bod Harness — Black / XS,£55.00,—,0,https://www.gooutdoors.co.uk/products/black-diamond-bod-harness-black-150769
2026-06-29,Go Outdoors,🔒 Harnesses,Bod Harness — Black / S,£55.00,—,0,https://www.gooutdoors.co.uk/products/black-diamond-bod-harness-black-150769
2026-06-29,Go Outdoors,🔒 Harnesses,Bod Harness — Black / M,£55.00,—,0,https://www.gooutdoors.co.uk/products/black-diamond-bod-harness-black-150769
2026-06-29,Go Outdoors,🔒 Harnesses,Bod Harness — Black / L,£55.00,—,0,https://www.gooutdoors.co.uk/products/black-diamond-bod-harness-black-150769
2026-06-29,Go Outdoors,🔒 Harnesses,Bod Harness — Black / XL,£55.00,—,0,https://www.gooutdoors.co.uk/products/black-diamond-bod-harness-black-150769
2026-06-29,Go Outdoors,🔗 Carabiners,XSRE Mini Carabiner — Blue / One Size,£9.99,—,0,https://www.gooutdoors.co.uk/products/dmm-xsre-mini-carabiner-blue-526833
2026-06-29,Go Outdoors,🔒 Harnesses,Tour Harness — Blue / S,£57.00,—,0,https://www.gooutdoors.co.uk/products/petzl-tour-harness-blue-706541
2026-06-29,Go Outdoors,🔒 Harnesses,Tour Harness — Blue / M,£57.00,—,0,https://www.gooutdoors.co.uk/products/petzl-tour-harness-blue-706541
2026-06-29,Go Outdoors,🔒 Harnesses,Tour Harness — Blue / L,£57.00,—,0,https://www.gooutdoors.co.uk/products/petzl-tour-harness-blue-706541
2026-06-29,Go Outdoors,🔗 Carabiners,Snappy HMS Carabiner — Yellow / One Size,£14.50,—,0,https://www.gooutdoors.co.uk/products/climbing-technology-snappy-hms-carabiner-mustard-yellow-silver-grey-675621
2026-06-29,Go Outdoors,⚙️ Belay Devices,Click Up Belay Device — Yellow / One Size,£80.00,—,0,https://www.gooutdoors.co.uk/products/climbing-technology-click-up-belay-device-mustard-yellow-675601
2026-06-29,Go Outdoors,🪢 Ropes,Eagle Lite Dry 9.5mm Climbing Rope — Green / One Size,£200.00,—,0,https://www.gooutdoors.co.uk/products/edelrid-eagle-lite-dry-9-5mm-climbing-rope-bright-green-674070
2026-06-29,Go Outdoors,👟 Climbing Shoes,Diabola Women's Climbing Shoe — Multi / 3,£95.00,—,0,https://www.gooutdoors.co.uk/products/boreal-diabola-womens-climbing-shoe-multi-323130
2026-06-29,Go Outdoors,👟 Climbing Shoes,Diabola Women's Climbing Shoe — Multi / 4,£95.00,—,0,https://www.gooutdoors.co.uk/products/boreal-diabola-womens-climbing-shoe-multi-323130
2026-06-29,Go Outdoors,👟 Climbing Shoes,Diabola Women's Climbing Shoe — Multi / 5,£95.00,—,0,https://www.gooutdoors.co.uk/products/boreal-diabola-womens-climbing-shoe-multi-323130
2026-06-29,Go Outdoors,👟 Climbing Shoes,Diabola Women's Climbing Shoe — Multi / 5.5,£95.00,—,0,https://www.gooutdoors.co.uk/products/boreal-diabola-womens-climbing-shoe-multi-323130
2026-06-29,Go Outdoors,👟 Climbing Shoes,Diabola Women's Climbing Shoe — Multi / 6,£95.00,—,0,https://www.gooutdoors.co.uk/products/boreal-diabola-womens-climbing-shoe-multi-323130
2026-06-29,Go Outdoors,👟 Climbing Shoes,Diabola Women's Climbing Shoe — Multi / 6.5,£95.00,—,0,https://www.gooutdoors.co.uk/products/boreal-diabola-womens-climbing-shoe-multi-323130
2026-06-29,Go Outdoors,👟 Climbing Shoes,Diabola Women's Climbing Shoe — Multi / 7,£95.00,—,0,https://www.gooutdoors.co.uk/products/boreal-diabola-womens-climbing-shoe-multi-323130
2026-06-29,Go Outdoors,👟 Climbing Shoes,Mens' Miura VS Climbing Shoe — Yellow / 6 / EUR 38,£135.00,—,0,https://www.gooutdoors.co.uk/products/la-sportiva-mens-miura-vs-climbing-shoe-yellow-073946
2026-06-29,Go Outdoors,👟 Climbing Shoes,Mens' Miura VS Climbing Shoe — Yellow / 6.5 / EUR 38.5,£135.00,—,0,https://www.gooutdoors.co.uk/products/la-sportiva-mens-miura-vs-climbing-shoe-yellow-073946
2026-06-29,Go Outdoors,👟 Climbing Shoes,Mens' Miura VS Climbing Shoe — Yellow / 7 / EUR 39.5,£135.00,—,0,https://www.gooutdoors.co.uk/products/la-sportiva-mens-miura-vs-climbing-shoe-yellow-073946
2026-06-29,Go Outdoors,👟 Climbing Shoes,Mens' Miura VS Climbing Shoe — Yellow / 8 / EUR 40.5,£135.00,—,0,https://www.gooutdoors.co.uk/products/la-sportiva-mens-miura-vs-climbing-shoe-yellow-073946
2026-06-29,Go Outdoors,👟 Climbing Shoes,Mens' Miura VS Climbing Shoe — Yellow / 9 / EUR 42,£135.00,—,0,https://www.gooutdoors.co.uk/products/la-sportiva-mens-miura-vs-climbing-shoe-yellow-073946
2026-06-29,Go Outdoors,👟 Climbing Shoes,Mens' Miura VS Climbing Shoe — Yellow / 11.5 / EUR 45,£135.00,—,0,https://www.gooutdoors.co.uk/products/la-sportiva-mens-miura-vs-climbing-shoe-yellow-073946
2026-06-29,Go Outdoors,👟 Climbing Shoes,Mens' Miura VS Climbing Shoe — Yellow / 6.5-7 / EUR 39,£135.00,—,0,https://www.gooutdoors.co.uk/products/la-sportiva-mens-miura-vs-climbing-shoe-yellow-073946
2026-06-29,Go Outdoors,👟 Climbing Shoes,Mens' Miura VS Climbing Shoe — Yellow / 7.5 / EUR 40,£135.00,—,0,https://www.gooutdoors.co.uk/products/la-sportiva-mens-miura-vs-climbing-shoe-yellow-073946
2026-06-29,Go Outdoors,👟 Climbing Shoes,Mens' Miura VS Climbing Shoe — Yellow / 8.5 / EUR 41,£135.00,—,0,https://www.gooutdoors.co.uk/products/la-sportiva-mens-miura-vs-climbing-shoe-yellow-073946
2026-06-29,Go Outdoors,👟 Climbing Shoes,Mens' Miura VS Climbing Shoe — Yellow / 10.5-11/ EUR 44,£135.00,—,0,https://www.gooutdoors.co.uk/products/la-sportiva-mens-miura-vs-climbing-shoe-yellow-073946
2026-06-29,Go Outdoors,👟 Climbing Shoes,Mens' Miura VS Climbing Shoe — Yellow / 3.5 / EUR 35,£135.00,—,0,https://www.gooutdoors.co.uk/products/la-sportiva-mens-miura-vs-climbing-shoe-yellow-073946
2026-06-29,Go Outdoors,👟 Climbing Shoes,Mens' Miura VS Climbing Shoe — Yellow / 4.5 / EUR 36,£135.00,—,0,https://www.gooutdoors.co.uk/products/la-sportiva-mens-miura-vs-climbing-shoe-yellow-073946
2026-06-29,Go Outdoors,👟 Climbing Shoes,Mens' Miura VS Climbing Shoe — Yellow / 5.5 / EUR 38,£135.00,—,0,https://www.gooutdoors.co.uk/products/la-sportiva-mens-miura-vs-climbing-shoe-yellow-073946
2026-06-29,Go Outdoors,👟 Climbing Shoes,Mens' Miura VS Climbing Shoe — Yellow / 9.5 / EUR 42.5,£135.00,—,0,https://www.gooutdoors.co.uk/products/la-sportiva-mens-miura-vs-climbing-shoe-yellow-073946
2026-06-29,Go Outdoors,👟 Climbing Shoes,Mens' Miura VS Climbing Shoe — Yellow / 10.5 / EUR 43.5,£135.00,—,0,https://www.gooutdoors.co.uk/products/la-sportiva-mens-miura-vs-climbing-shoe-yellow-073946
2026-06-29,Go Outdoors,👟 Climbing Shoes,Mens' Miura VS Climbing Shoe — Yellow / 11 / EUR 44.5,£135.00,—,0,https://www.gooutdoors.co.uk/products/la-sportiva-mens-miura-vs-climbing-shoe-yellow-073946
2026-06-29,Go Outdoors,👟 Climbing Shoes,Mens' Miura VS Climbing Shoe — Yellow / 5 / EUR 37,£135.00,—,0,https://www.gooutdoors.co.uk/products/la-sportiva-mens-miura-vs-climbing-shoe-yellow-073946
2026-06-29,Go Outdoors,🪢 Ropes,9.7mm Ascend Classic Rope 30m — Red / One Size,£110.00,—,0,https://www.gooutdoors.co.uk/products/mammut-9-7mm-ascend-classic-rope-30m-red-681783
2026-06-29,Go Outdoors,👟 Climbing Shoes,Crux Climbing Shoes — Blue / 3.0,£55.00,—,0,https://www.gooutdoors.co.uk/products/climb-x-crux-climbing-shoes-blue-305887
2026-06-29,Go Outdoors,👟 Climbing Shoes,Crux Climbing Shoes — Blue / 4.0,£55.00,—,0,https://www.gooutdoors.co.uk/products/climb-x-crux-climbing-shoes-blue-305887
2026-06-29,Go Outdoors,👟 Climbing Shoes,Crux Climbing Shoes — Blue / 5.0,£55.00,—,0,https://www.gooutdoors.co.uk/products/climb-x-crux-climbing-shoes-blue-305887
2026-06-29,Go Outdoors,👟 Climbing Shoes,Crux Climbing Shoes — Blue / 5.5,£55.00,—,0,https://www.gooutdoors.co.uk/products/climb-x-crux-climbing-shoes-blue-305887
2026-06-29,Go Outdoors,👟 Climbing Shoes,Crux Climbing Shoes — Blue / 6.0,£55.00,—,0,https://www.gooutdoors.co.uk/products/climb-x-crux-climbing-shoes-blue-305887
2026-06-29,Go Outdoors,👟 Climbing Shoes,Crux Climbing Shoes — Blue / 6.5,£55.00,—,0,https://www.gooutdoors.co.uk/products/climb-x-crux-climbing-shoes-blue-305887
2026-06-29,Go Outdoors,👟 Climbing Shoes,Crux Climbing Shoes — Blue / 7.0,£55.00,—,0,https://www.gooutdoors.co.uk/products/climb-x-crux-climbing-shoes-blue-305887
2026-06-29,Go Outdoors,👟 Climbing Shoes,Crux Climbing Shoes — Blue / 7.5,£55.00,—,0,https://www.gooutdoors.co.uk/products/climb-x-crux-climbing-shoes-blue-305887
2026-06-29,Go Outdoors,👟 Climbing Shoes,Crux Climbing Shoes — Blue / 8.0,£55.00,—,0,https://www.gooutdoors.co.uk/products/climb-x-crux-climbing-shoes-blue-305887
2026-06-29,Go Outdoors,👟 Climbing Shoes,Crux Climbing Shoes — Blue / 8.5,£55.00,—,0,https://www.gooutdoors.co.uk/products/climb-x-crux-climbing-shoes-blue-305887
2026-06-29,Go Outdoors,👟 Climbing Shoes,Crux Climbing Shoes — Blue / 9.0,£55.00,—,0,https://www.gooutdoors.co.uk/products/climb-x-crux-climbing-shoes-blue-305887
2026-06-29,Go Outdoors,👟 Climbing Shoes,Crux Climbing Shoes — Blue / 9.5,£55.00,—,0,https://www.gooutdoors.co.uk/products/climb-x-crux-climbing-shoes-blue-305887
2026-06-29,Go Outdoors,👟 Climbing Shoes,Crux Climbing Shoes — Blue / 10.0,£55.00,—,0,https://www.gooutdoors.co.uk/products/climb-x-crux-climbing-shoes-blue-305887
2026-06-29,Go Outdoors,👟 Climbing Shoes,Crux Climbing Shoes — Blue / 10.5,£55.00,—,0,https://www.gooutdoors.co.uk/products/climb-x-crux-climbing-shoes-blue-305887
2026-06-29,Go Outdoors,👟 Climbing Shoes,Crux Climbing Shoes — Blue / 11.0,£55.00,—,0,https://www.gooutdoors.co.uk/products/climb-x-crux-climbing-shoes-blue-305887
2026-06-29,Go Outdoors,👟 Climbing Shoes,Crux Climbing Shoes — Blue / 12.0,£55.00,—,0,https://www.gooutdoors.co.uk/products/climb-x-crux-climbing-shoes-blue-305887
2026-06-29,Go Outdoors,👟 Climbing Shoes,Crux Climbing Shoes — Blue / 13.0,£55.00,—,0,https://www.gooutdoors.co.uk/products/climb-x-crux-climbing-shoes-blue-305887
2026-06-29,Go Outdoors,⚡ Quickdraws,Berry Quickdraw 17cm — Multi / One Size,£26.50,—,0,https://www.gooutdoors.co.uk/products/climbing-technology-berry-quickdraw-17cm-blue-gold-675605
2026-06-29,Go Outdoors,🧗 Ascenders,Ropeman 1 — Blue / One Size,£65.00,—,0,https://www.gooutdoors.co.uk/products/wild-country-ropeman-1-blue-684423
2026-06-29,Go Outdoors,⚙️ Belay Devices,Mega Jul 2 Belay Device — Silver / One Size,£47.00,—,0,https://www.gooutdoors.co.uk/products/edelrid-mega-jul-2-belay-device-silver-706539
2026-06-29,Go Outdoors,🔒 Harnesses,Shadow Soft Climbing Harness — Grey / 1,£67.37,—,0,https://www.gooutdoors.co.uk/products/beal-shadow-soft-climbing-harness-grey-330765
2026-06-29,Go Outdoors,🔒 Harnesses,Shadow Soft Climbing Harness — Grey / 2,£67.37,—,0,https://www.gooutdoors.co.uk/products/beal-shadow-soft-climbing-harness-grey-330765
2026-06-29,Go Outdoors,⚡ Quickdraws,Berry Quickdraw 12cm — Blue / One Size,£26.00,—,0,https://www.gooutdoors.co.uk/products/climbing-technology-berry-quickdraw-12cm-blue-gold-675604
2026-06-29,Go Outdoors,🪢 Ropes,TOW ROPE 2.5 TONNE — Blue / One Size,£12.00,—,0,https://www.gooutdoors.co.uk/products/streetwize-tow-rope-2-5-tonne-blue-301228
